startTime,endTime,true,segmentName
0.000000000,36.594648526,0,"N1"
36.594648526,89.745124716,1,"A"
89.745124716,141.026394557,1,"A"
141.026394557,160.136417233,0,"N3"
